Name,Department,Score
John Doe,MECHANICAL,75
Jane Smith,ELECTRICAL,42
Alex Johnson,MECHANICAL,88
Sarah Connor,CIVIL,60
Michael Ade,MECHANICAL,91
David Okoro,COMPUTER,53
Blessing Nwosu,ELECTRICAL,67
Emeka Eze,CIVIL,39
Zainab Bello,MECHANICAL,82
Kelvin Mensah,COMPUTER,48
Chioma Okafor,MECHANICAL,95
Samuel Adebayo,ELECTRICAL,71
Amina Yusuf,CIVIL,55
Tunde Bakare,MECHANICAL,64
Grace Udo,COMPUTER,89
Chinedu Okeke,ELECTRICAL,33
Fatima Aliyu,CIVIL,78
Victor Ojo,MECHANICAL,69
Ruth Danladi,COMPUTER,84
Ibrahim Musa,ELECTRICAL,50